<?xml version="1.0" encoding="UTF-8"?>
<project-private xmlns="http://www.netbeans.org/ns/project-private/1">
    <editor-bookmarks xmlns="http://www.netbeans.org/ns/editor-bookmarks/2" lastBookmarkId="0"/>
    <open-files xmlns="http://www.netbeans.org/ns/projectui-open-files/2">
        <group>
            <file>file:/C:/Users/leand/OneDrive/Documentos/NetBeansProjects/Practico3/src/practico3/Trabajador.java</file>
            <file>file:/C:/Users/leand/OneDrive/Documentos/NetBeansProjects/Practico3/src/practico3/Persona.java</file>
            <file>file:/C:/Users/leand/OneDrive/Documentos/NetBeansProjects/Practico3/src/practico3/Registro.java</file>
            <file>file:/C:/Users/leand/OneDrive/Documentos/NetBeansProjects/Practico3/src/practico3/Jubilado.java</file>
            <file>file:/C:/Users/leand/OneDrive/Documentos/NetBeansProjects/Practico3/src/practico3/Pasivo.java</file>
            <file>file:/C:/Users/leand/OneDrive/Documentos/NetBeansProjects/Practico3/src/practico3/Practico3.java</file>
        </group>
    </open-files>
</project-private>
