<?xml version="1.0" encoding="UTF-8"?>
<project-private xmlns="http://www.netbeans.org/ns/project-private/1">
    <editor-bookmarks xmlns="http://www.netbeans.org/ns/editor-bookmarks/2" lastBookmarkId="1"/>
    <open-files xmlns="http://www.netbeans.org/ns/projectui-open-files/2">
        <group>
            <file>file:/C:/Users/Laucha/Documents/NetBeansProjects/Saucedo-TP1/src/practico1/TestJuego.java</file>
            <file>file:/C:/Users/Laucha/Documents/NetBeansProjects/Saucedo-TP1/src/entidades/Robot.java</file>
            <file>file:/C:/Users/Laucha/Documents/NetBeansProjects/Saucedo-TP1/src/entidades/Humano.java</file>
        </group>
    </open-files>
</project-private>
